OrderID,CustomerID,OrderDate,Quantity,UnitPrice
10001,497,2024-05-03 16:13:21.444075,16,146.31
10002,487,2023-10-02 16:13:21.444110,1,170.35
10003,340,2024-05-23 16:13:21.444116,18,167.33
10004,342,2023-06-18 16:13:21.444120,14,101.56
10005,23,2023-04-08 16:13:21.444123,18,177.02
10006,199,2023-06-19 16:13:21.444127,8,191.67
10007,39,2024-12-28 16:13:21.444131,13,134.07
10008,354,2022-12-31 16:13:21.444135,17,53.11
10009,125,2024-10-13 16:13:21.444139,8,26.71
10010,189,2023-10-22 16:13:21.444143,15,173.24
10011,90,2022-11-10 16:13:21.444147,5,113.76
10012,7,2024-11-30 16:13:21.444150,1,184.79
10013,450,2024-03-24 16:13:21.444155,1,167.86
10014,206,2023-01-26 16:13:21.444158,15,161.74
10015,482,2023-12-02 16:13:21.444162,11,52.36
10016,47,2024-12-13 16:13:21.444165,14,57.29
10017,62,2023-11-15 16:13:21.444169,10,63.25
10018,92,2022-06-30 16:13:21.444173,10,162.78
10019,203,2022-08-04 16:13:21.444176,13,144.25
10020,420,2023-05-29 16:13:21.444180,19,116.65
10021,308,2023-04-24 16:13:21.444184,13,188.01
10022,329,2022-07-19 16:13:21.444188,7,175.82
10023,282,2022-08-01 16:13:21.444191,11,85.73
10024,462,2022-04-23 16:13:21.444195,7,191.61
10025,21,2022-11-24 16:13:21.444198,4,105.99
10026,395,2024-08-28 16:13:21.444203,9,110.88
10027,265,2024-11-14 16:13:21.444207,16,19.94
10028,48,2022-02-05 16:13:21.444210,5,37.41
10029,366,2023-08-05 16:13:21.444213,17,106.77
10030,297,2022-01-16 16:13:21.444217,2,91.06
10031,156,2023-12-12 16:13:21.444221,18,183.8
10032,17,2022-11-18 16:13:21.444224,8,188.18
10033,152,2023-03-26 16:13:21.444228,19,131.05
10034,364,2024-11-15 16:13:21.444232,15,157.23
10035,478,2022-07-26 16:13:21.444237,18,193.92
10036,222,2023-03-02 16:13:21.444240,18,101.31
10037,364,2023-12-20 16:13:21.444244,10,111.38
10038,47,2022-08-11 16:13:21.444248,4,199.88
10039,176,2024-06-20 16:13:21.444251,13,12.94
10040,466,2023-01-29 16:13:21.444256,9,70.79
10041,184,2023-06-28 16:13:21.444260,15,51.11
10042,310,2024-01-18 16:13:21.444264,2,62.89
10043,328,2023-08-11 16:13:21.444267,2,143.29
10044,221,2023-08-13 16:13:21.444271,1,198.5
10045,203,2023-07-14 16:13:21.444275,13,67.47
10046,232,2024-08-24 16:13:21.444279,13,80.59
10047,71,2024-08-02 16:13:21.444282,10,164.58
10048,336,2024-12-04 16:13:21.444287,3,116.26
10049,434,2023-01-05 16:13:21.444290,16,30.49
10050,175,2022-04-18 16:13:21.444294,6,126.02
10051,424,2024-06-07 16:13:21.444298,1,149.44
10052,206,2023-12-28 16:13:21.444301,4,57.77
10053,27,2024-02-16 16:13:21.444305,9,85.03
10054,265,2022-09-10 16:13:21.444310,5,98.66
10055,499,2023-11-10 16:13:21.444313,13,13.46
10056,218,2024-04-15 16:13:21.444317,14,42.33
10057,121,2023-12-23 16:13:21.444321,14,108.75
10058,20,2022-04-22 16:13:21.444325,12,63.48
10059,198,2024-10-21 16:13:21.444329,4,50.56
10060,349,2022-02-24 16:13:21.444332,10,101.71
10061,375,2022-04-02 16:13:21.444336,2,140.36
10062,244,2022-10-21 16:13:21.444340,17,73.19
10063,130,2023-07-30 16:13:21.444343,8,188.32
10064,448,2022-02-02 16:13:21.444347,1,191.67
10065,487,2024-12-14 16:13:21.444350,6,107.05
10066,169,2024-02-18 16:13:21.444355,2,182.81
10067,113,2024-06-15 16:13:21.444358,2,60.58
10068,350,2024-11-03 16:13:21.444362,14,51.93
10069,18,2022-07-08 16:13:21.444366,12,45.66
10070,348,2024-01-11 16:13:21.444370,4,142.97
10071,76,2022-09-17 16:13:21.444374,11,185.36
10072,65,2022-04-18 16:13:21.444378,4,28.75
10073,146,2024-08-20 16:13:21.444381,2,199.72
10074,243,2024-06-16 16:13:21.444385,11,139.5
10075,141,2024-11-17 16:13:21.444388,18,112.01
10076,21,2023-10-28 16:13:21.444392,16,106.23
10077,250,2022-06-16 16:13:21.444396,6,35.31
10078,108,2023-05-29 16:13:21.444401,13,99.45
10079,218,2024-12-15 16:13:21.444404,7,183.13
10080,359,2024-03-25 16:13:21.444408,16,129.01
10081,219,2022-11-07 16:13:21.444411,3,25.57
10082,108,2022-03-07 16:13:21.444415,19,24.17
10083,314,2024-12-22 16:13:21.444421,15,158.99
10084,188,2023-05-13 16:13:21.444425,8,168.53
10085,34,2024-05-26 16:13:21.444429,11,124.22
10086,51,2025-01-11 16:13:21.444433,15,194.31
10087,140,2024-01-02 16:13:21.444436,7,147.28
10088,278,2022-11-15 16:13:21.444440,3,135.11
10089,111,2022-02-07 16:13:21.444444,2,102.35
10090,305,2022-02-27 16:13:21.444448,10,78.87
10091,356,2022-12-31 16:13:21.444451,9,136.99
10092,388,2024-11-05 16:13:21.444455,1,18.2
10093,167,2022-10-16 16:13:21.444458,15,46.61
10094,425,2024-06-29 16:13:21.444462,8,103.16
10095,275,2022-11-29 16:13:21.444466,17,102.85
10096,491,2024-02-22 16:13:21.444470,18,56.65
10097,71,2023-12-05 16:13:21.444473,10,58.21
10098,164,2023-10-03 16:13:21.444477,18,154.2
10099,6,2022-06-18 16:13:21.444481,11,181.29
10100,48,2022-02-13 16:13:21.444484,16,172.1
10101,5,2023-09-14 16:13:21.444488,13,164.81
10102,250,2024-11-23 16:13:21.444492,5,191.41
10103,305,2022-08-03 16:13:21.444496,2,166.82
10104,47,2025-01-03 16:13:21.444500,19,54.23
10105,58,2022-06-13 16:13:21.444503,8,39.67
10106,303,2022-08-04 16:13:21.444507,16,155.01
10107,184,2024-07-14 16:13:21.444510,1,134.22
10108,87,2023-11-20 16:13:21.444514,8,101.13
10109,161,2024-03-11 16:13:21.444518,3,80.09
10110,70,2024-04-20 16:13:21.444522,15,152.06
10111,331,2024-10-14 16:13:21.444526,3,139.94
10112,292,2025-01-15 16:13:21.444530,19,144.61
10113,405,2024-01-07 16:13:21.444533,11,50.4
10114,345,2023-04-20 16:13:21.444537,6,155.32
10115,447,2023-04-24 16:13:21.444541,13,19.53
10116,412,2024-02-18 16:13:21.444545,9,12.02
10117,490,2023-12-25 16:13:21.444549,19,21.11
10118,219,2023-08-04 16:13:21.444552,13,56.7
10119,136,2023-08-07 16:13:21.444555,4,156.5
10120,400,2024-01-22 16:13:21.444559,17,182.47
10121,207,2024-01-17 16:13:21.444563,4,25.69
10122,330,2022-12-18 16:13:21.444567,5,198.44
10123,183,2024-12-11 16:13:21.444571,4,37.98
10124,259,2023-10-02 16:13:21.444574,8,56.02
10125,20,2024-01-17 16:13:21.444578,11,171.66
10126,410,2024-08-24 16:13:21.444582,15,17.28
10127,430,2023-11-22 16:13:21.444586,15,155.19
10128,58,2024-08-12 16:13:21.444590,1,46.92
10129,489,2024-05-30 16:13:21.444593,2,141.46
10130,217,2022-06-18 16:13:21.444597,11,136.16
10131,420,2022-09-28 16:13:21.444601,15,109.9
10132,423,2024-11-06 16:13:21.444605,2,135.87
10133,359,2024-10-28 16:13:21.444608,1,102.31
10134,182,2023-05-11 16:13:21.444612,4,66.09
10135,372,2023-03-04 16:13:21.444615,17,59.76
10136,301,2024-06-27 16:13:21.444619,13,119.18
10137,386,2022-05-03 16:13:21.444623,14,138.86
10138,323,2023-03-28 16:13:21.444626,1,31.25
10139,260,2023-12-23 16:13:21.444630,6,94.54
10140,439,2025-01-14 16:13:21.444634,1,10.56
10141,450,2022-12-29 16:13:21.444637,14,128.49
10142,67,2023-11-21 16:13:21.444641,3,178.32
10143,163,2023-04-17 16:13:21.444645,2,122.9
10144,422,2023-10-28 16:13:21.444648,16,132.69
10145,99,2024-05-31 16:13:21.444652,1,83.02
10146,13,2023-05-16 16:13:21.444655,19,189.68
10147,295,2023-11-04 16:13:21.444659,8,39.71
10148,314,2023-08-16 16:13:21.444662,11,123.3
10149,419,2024-02-08 16:13:21.444666,3,128.35
10150,265,2024-01-25 16:13:21.444670,5,169.6
10151,416,2022-12-25 16:13:21.444674,8,158.67
10152,119,2023-03-07 16:13:21.444677,4,156.55
10153,34,2024-12-07 16:13:21.444681,17,188.12
10154,214,2024-12-15 16:13:21.444684,19,174.44
10155,67,2024-02-26 16:13:21.444688,16,85.51
10156,317,2024-02-28 16:13:21.444692,6,41.39
10157,154,2024-03-30 16:13:21.444696,15,76.01
10158,258,2024-02-20 16:13:21.444699,10,35.14
10159,350,2023-10-19 16:13:21.444703,3,80.55
10160,29,2022-01-27 16:13:21.444707,15,163.57
10161,131,2022-11-08 16:13:21.444711,8,59.88
10162,86,2024-03-28 16:13:21.444714,16,128.41
10163,295,2022-03-07 16:13:21.444718,1,89.85
10164,32,2024-12-11 16:13:21.444722,19,141.57
10165,427,2024-02-23 16:13:21.444725,6,35.91
10166,392,2024-05-31 16:13:21.444729,10,178.71
10167,372,2022-03-14 16:13:21.444732,1,187.79
10168,163,2024-11-18 16:13:21.444736,5,106.9
10169,45,2022-07-12 16:13:21.444740,5,116.58
10170,270,2022-12-25 16:13:21.444743,6,95.69
10171,425,2024-11-27 16:13:21.444747,2,29.34
10172,374,2023-02-22 16:13:21.444751,10,122.62
10173,165,2023-03-28 16:13:21.444755,14,170.0
10174,232,2024-01-24 16:13:21.444759,2,120.81
10175,239,2022-01-31 16:13:21.444762,8,36.63
10176,494,2024-02-10 16:13:21.444766,11,69.72
10177,219,2023-01-31 16:13:21.444769,19,64.72
10178,478,2023-05-16 16:13:21.444774,16,123.95
10179,374,2022-07-16 16:13:21.444778,5,61.58
10180,412,2023-10-05 16:13:21.444782,3,98.16
10181,359,2022-02-05 16:13:21.444785,16,178.48
10182,195,2024-04-13 16:13:21.444849,1,58.33
10183,292,2024-10-10 16:13:21.444854,15,122.38
10184,65,2022-01-24 16:13:21.444857,8,155.78
10185,457,2022-05-04 16:13:21.444861,16,54.68
10186,282,2023-06-26 16:13:21.444865,14,47.11
10187,369,2022-03-30 16:13:21.444869,13,153.71
10188,8,2024-06-01 16:13:21.444873,1,43.1
10189,20,2024-08-23 16:13:21.444877,7,132.66
10190,369,2022-09-19 16:13:21.444881,16,160.48
10191,357,2024-06-21 16:13:21.444884,16,127.48
10192,277,2024-11-23 16:13:21.444888,18,100.89
10193,351,2024-12-08 16:13:21.444892,1,126.37
10194,493,2023-03-02 16:13:21.444896,10,137.44
10195,210,2023-10-06 16:13:21.444899,7,10.12
10196,36,2023-08-30 16:13:21.444903,19,146.54
10197,111,2022-08-15 16:13:21.444907,8,83.04
10198,291,2022-08-05 16:13:21.444911,8,10.98
10199,192,2022-09-21 16:13:21.444914,17,74.84
10200,81,2023-06-06 16:13:21.444918,1,117.24
10201,396,2023-06-12 16:13:21.444922,10,147.87
10202,335,2022-11-12 16:13:21.444926,3,77.65
10203,118,2022-10-17 16:13:21.444930,11,150.61
10204,148,2022-06-14 16:13:21.444934,5,109.16
10205,460,2022-03-27 16:13:21.444937,15,46.96
10206,109,2023-05-26 16:13:21.444941,11,114.72
10207,391,2022-03-02 16:13:21.444945,14,100.8
10208,362,2024-06-21 16:13:21.444949,5,37.01
10209,193,2023-04-22 16:13:21.444952,17,72.76
10210,138,2024-05-19 16:13:21.444956,10,114.15
10211,200,2022-05-22 16:13:21.444960,9,108.14
10212,126,2022-03-25 16:13:21.444964,1,117.67
10213,236,2024-09-21 16:13:21.444967,15,135.66
10214,305,2024-02-04 16:13:21.444971,17,43.3
10215,199,2022-12-26 16:13:21.444974,5,22.86
10216,318,2023-10-03 16:13:21.444978,7,123.85
10217,66,2023-01-27 16:13:21.444982,19,173.46
10218,477,2024-04-20 16:13:21.444986,10,138.71
10219,491,2024-01-08 16:13:21.444989,14,145.36
10220,136,2024-08-27 16:13:21.444993,6,193.98
10221,475,2024-09-07 16:13:21.444997,11,94.24
10222,159,2023-01-10 16:13:21.445000,4,84.96
10223,351,2022-04-12 16:13:21.445004,15,81.06
10224,156,2022-11-27 16:13:21.445008,15,131.76
10225,39,2023-04-09 16:13:21.445011,10,24.81
10226,92,2023-07-06 16:13:21.445015,4,66.5
10227,373,2022-06-21 16:13:21.445019,13,45.15
10228,74,2024-04-11 16:13:21.445023,10,15.88
10229,257,2022-11-03 16:13:21.445041,4,29.18
10230,273,2023-05-09 16:13:21.445045,3,57.9
10231,259,2022-12-30 16:13:21.445049,15,141.67
10232,265,2022-05-30 16:13:21.445052,11,96.35
10233,27,2024-03-11 16:13:21.445056,4,155.07
10234,173,2023-01-26 16:13:21.445061,17,163.29
10235,246,2023-09-29 16:13:21.445065,6,71.87
10236,146,2023-02-05 16:13:21.445069,10,33.24
10237,13,2024-11-24 16:13:21.445072,11,144.81
10238,424,2022-12-01 16:13:21.445076,4,171.66
10239,140,2023-07-29 16:13:21.445079,3,33.66
10240,473,2022-05-24 16:13:21.445083,3,72.54
10241,87,2022-06-24 16:13:21.445095,2,10.83
10242,24,2024-04-18 16:13:21.445098,9,26.11
10243,500,2024-10-21 16:13:21.445102,13,75.03
10244,174,2024-05-06 16:13:21.445106,10,80.73
10245,253,2022-07-01 16:13:21.445110,15,71.72
10246,108,2022-11-05 16:13:21.445113,16,89.23
10247,55,2024-09-21 16:13:21.445117,10,48.81
10248,99,2024-11-25 16:13:21.445121,10,149.17
10249,467,2022-04-13 16:13:21.445125,15,123.71
10250,426,2024-03-14 16:13:21.445129,12,30.21
10251,143,2024-05-17 16:13:21.445132,18,198.66
10252,188,2024-11-19 16:13:21.445136,18,123.96
10253,442,2024-02-10 16:13:21.445140,16,89.43
10254,27,2025-01-09 16:13:21.445144,10,189.22
10255,85,2024-10-12 16:13:21.445148,17,70.06
10256,287,2023-01-06 16:13:21.445151,5,132.78
10257,135,2024-04-22 16:13:21.445155,1,106.63
10258,173,2023-04-29 16:13:21.445159,9,139.82
10259,124,2022-02-22 16:13:21.445163,3,80.77
10260,10,2024-02-13 16:13:21.445167,4,117.71
10261,151,2025-01-09 16:13:21.445171,17,153.61
10262,51,2023-12-17 16:13:21.445174,2,62.8
10263,104,2023-08-03 16:13:21.445178,16,125.15
10264,307,2024-03-20 16:13:21.445182,16,172.84
10265,242,2022-11-01 16:13:21.445185,19,119.85
10266,334,2023-02-26 16:13:21.445189,5,47.16
10267,155,2023-08-20 16:13:21.445193,11,34.46
10268,242,2024-08-30 16:13:21.445197,12,111.5
10269,489,2022-05-20 16:13:21.445200,16,19.0
10270,450,2024-02-22 16:13:21.445205,9,30.96
10271,106,2023-09-11 16:13:21.445208,8,192.59
10272,89,2024-06-01 16:13:21.445212,8,77.93
10273,381,2023-12-15 16:13:21.445216,4,75.08
10274,311,2024-12-01 16:13:21.445220,7,178.58
10275,390,2023-11-21 16:13:21.445224,14,106.82
10276,107,2022-03-28 16:13:21.445228,14,158.46
10277,238,2022-02-26 16:13:21.445232,19,170.62
10278,209,2022-12-14 16:13:21.445236,19,156.5
10279,265,2023-06-28 16:13:21.445240,1,78.88
10280,439,2022-10-08 16:13:21.445243,6,165.2
10281,371,2023-12-18 16:13:21.445247,13,98.3
10282,186,2023-03-01 16:13:21.445251,14,128.18
10283,160,2024-08-19 16:13:21.445254,1,163.53
10284,393,2023-04-30 16:13:21.445258,19,87.63
10285,282,2024-03-03 16:13:21.445262,6,90.86
10286,357,2023-11-06 16:13:21.445265,14,157.86
10287,475,2023-03-26 16:13:21.445269,13,148.17
10288,12,2023-12-10 16:13:21.445273,10,48.46
10289,474,2023-08-14 16:13:21.445276,4,42.32
10290,196,2022-09-23 16:13:21.445281,14,124.24
10291,46,2024-10-10 16:13:21.445285,9,199.66
10292,39,2022-04-30 16:13:21.445288,16,176.98
10293,158,2024-10-15 16:13:21.445292,6,181.05
10294,6,2023-04-21 16:13:21.445296,17,142.32
10295,117,2023-09-24 16:13:21.445300,14,120.1
10296,204,2022-10-11 16:13:21.445304,8,87.24
10297,107,2024-04-06 16:13:21.445307,10,92.8
10298,243,2022-03-05 16:13:21.445311,13,60.3
10299,455,2024-01-12 16:13:21.445314,10,180.54
10300,212,2025-01-12 16:13:21.445318,1,30.22
10301,120,2022-07-17 16:13:21.445322,16,13.32
10302,11,2022-06-16 16:13:21.445325,19,191.97
10303,108,2023-07-15 16:13:21.445329,7,146.12
10304,296,2022-08-12 16:13:21.445333,6,126.53
10305,460,2024-11-23 16:13:21.445337,13,153.17
10306,242,2023-07-18 16:13:21.445340,14,156.37
10307,76,2024-06-01 16:13:21.445344,9,84.8
10308,370,2022-08-16 16:13:21.445348,13,55.89
10309,414,2024-10-30 16:13:21.445351,19,103.91
10310,34,2022-06-23 16:13:21.445356,10,46.5
10311,77,2023-04-18 16:13:21.445360,15,59.6
10312,193,2022-12-22 16:13:21.445364,11,59.56
10313,177,2022-04-19 16:13:21.445368,11,194.18
10314,420,2024-12-02 16:13:21.445371,12,82.53
10315,96,2022-03-13 16:13:21.445375,10,139.46
10316,386,2023-02-02 16:13:21.445379,18,136.66
10317,415,2024-08-04 16:13:21.445383,16,26.93
10318,244,2023-10-05 16:13:21.445386,3,134.35
10319,390,2023-02-17 16:13:21.445390,18,199.29
10320,182,2024-07-27 16:13:21.445394,10,40.23
10321,22,2022-02-02 16:13:21.445397,13,49.97
10322,210,2023-12-09 16:13:21.445401,16,183.36
10323,254,2022-03-28 16:13:21.445405,6,66.17
10324,470,2022-06-19 16:13:21.445409,13,182.3
10325,35,2022-12-04 16:13:21.445413,7,104.19
10326,54,2023-03-27 16:13:21.445416,3,157.37
10327,115,2024-01-11 16:13:21.445420,15,13.21
10328,241,2023-08-05 16:13:21.445424,1,25.91
10329,260,2024-02-03 16:13:21.445427,11,68.86
10330,419,2024-03-29 16:13:21.445430,4,105.69
10331,47,2024-02-17 16:13:21.445434,13,27.78
10332,388,2024-06-03 16:13:21.445438,17,29.04
10333,353,2022-08-30 16:13:21.445441,19,155.11
10334,170,2022-09-05 16:13:21.445445,9,148.43
10335,37,2022-10-28 16:13:21.445448,13,197.28
10336,475,2024-08-13 16:13:21.445452,11,97.92
10337,344,2023-10-03 16:13:21.445456,15,121.59
10338,45,2024-03-23 16:13:21.445459,6,101.08
10339,197,2022-12-07 16:13:21.445463,1,166.8
10340,325,2024-09-05 16:13:21.445466,6,188.34
10341,260,2022-10-06 16:13:21.445470,3,25.71
10342,323,2022-02-26 16:13:21.445473,17,32.61
10343,280,2022-09-12 16:13:21.445477,10,73.82
10344,337,2024-08-24 16:13:21.445481,2,121.98
10345,147,2022-12-31 16:13:21.445485,14,159.49
10346,409,2022-06-15 16:13:21.445489,12,138.95
10347,294,2023-08-18 16:13:21.445493,8,114.58
10348,261,2024-09-15 16:13:21.445497,12,197.45
10349,104,2024-10-24 16:13:21.445500,8,23.65
10350,187,2022-08-09 16:13:21.445504,13,134.5
10351,407,2022-12-18 16:13:21.445507,1,60.6
10352,252,2022-11-09 16:13:21.445511,8,45.2
10353,263,2024-04-22 16:13:21.445515,18,162.7
10354,292,2023-06-15 16:13:21.445520,5,180.0
10355,227,2023-10-03 16:13:21.445524,9,67.8
10356,416,2023-01-24 16:13:21.445527,8,60.46
10357,11,2022-01-27 16:13:21.445531,3,71.93
10358,174,2024-08-18 16:13:21.445535,2,30.13
10359,479,2024-05-18 16:13:21.445539,15,22.92
10360,433,2024-11-11 16:13:21.445543,2,53.54
10361,472,2023-06-25 16:13:21.445547,9,35.87
10362,204,2022-03-12 16:13:21.445551,2,190.93
10363,405,2024-03-06 16:13:21.445555,18,188.13
10364,301,2022-01-21 16:13:21.445558,2,159.19
10365,302,2023-01-05 16:13:21.445562,8,113.95
10366,399,2022-05-04 16:13:21.445571,9,68.95
10367,189,2023-06-08 16:13:21.445575,13,146.01
10368,222,2022-12-13 16:13:21.445579,2,94.69
10369,222,2024-05-31 16:13:21.445583,19,145.9
10370,493,2024-11-07 16:13:21.445587,13,140.16
10371,420,2023-06-11 16:13:21.445590,7,119.23
10372,53,2024-08-17 16:13:21.445594,18,16.25
10373,358,2024-07-22 16:13:21.445598,9,117.15
10374,265,2024-07-04 16:13:21.445601,9,150.51
10375,354,2024-11-28 16:13:21.445605,1,65.96
10376,60,2023-09-17 16:13:21.445608,5,95.32
10377,6,2024-07-10 16:13:21.445612,10,25.96
10378,386,2023-09-23 16:13:21.445616,16,23.54
10379,303,2023-05-07 16:13:21.445620,6,78.34
10380,406,2022-11-21 16:13:21.445623,7,128.4
10381,280,2022-02-01 16:13:21.445627,3,86.1
10382,321,2023-09-14 16:13:21.445630,4,152.1
10383,34,2024-12-11 16:13:21.445634,19,50.49
10384,24,2022-08-05 16:13:21.445638,8,65.02
10385,1,2024-02-24 16:13:21.445648,10,67.17
10386,287,2023-10-20 16:13:21.445652,10,43.17
10387,101,2022-03-09 16:13:21.445655,7,151.01
10388,96,2022-05-14 16:13:21.445659,11,88.58
10389,316,2022-11-30 16:13:21.445663,8,104.65
10390,55,2024-08-08 16:13:21.445666,1,109.41
10391,231,2024-06-30 16:13:21.445669,16,129.05
10392,450,2022-07-28 16:13:21.445683,17,103.24
10393,262,2022-11-12 16:13:21.445687,12,165.54
10394,324,2022-08-12 16:13:21.445691,18,174.16
10395,14,2023-07-21 16:13:21.445695,15,151.84
10396,196,2024-10-07 16:13:21.445698,7,104.01
10397,342,2023-03-07 16:13:21.445702,19,18.7
10398,411,2022-03-24 16:13:21.445706,5,69.11
10399,272,2022-08-03 16:13:21.445709,11,38.33
10400,456,2023-12-22 16:13:21.445713,6,64.96
10401,66,2024-03-13 16:13:21.445716,5,153.54
10402,247,2023-08-23 16:13:21.445720,9,27.12
10403,459,2023-03-01 16:13:21.445725,13,130.89
10404,235,2022-05-06 16:13:21.445728,4,65.91
10405,86,2022-09-19 16:13:21.445732,5,185.22
10406,41,2022-04-04 16:13:21.445736,14,165.04
10407,441,2024-09-19 16:13:21.445740,7,146.6
10408,372,2024-01-01 16:13:21.445743,3,24.54
10409,54,2023-05-10 16:13:21.445747,13,53.87
10410,332,2024-06-26 16:13:21.445750,17,192.31
10411,327,2024-07-01 16:13:21.445754,9,15.25
10412,70,2023-03-16 16:13:21.445757,7,49.61
10413,456,2022-12-21 16:13:21.445761,15,154.98
10414,227,2024-04-16 16:13:21.445765,5,10.84
10415,130,2023-10-20 16:13:21.445768,6,94.23
10416,31,2023-10-19 16:13:21.445772,16,94.89
10417,10,2023-03-14 16:13:21.445775,10,115.54
10418,41,2023-04-30 16:13:21.445779,8,86.4
10419,500,2023-08-14 16:13:21.445782,17,18.23
10420,455,2024-02-10 16:13:21.445786,6,185.16
10421,194,2023-12-13 16:13:21.445790,19,176.35
10422,474,2023-01-01 16:13:21.445794,4,166.49
10423,218,2022-06-22 16:13:21.445798,13,31.85
10424,308,2024-09-27 16:13:21.445802,9,62.0
10425,299,2022-03-01 16:13:21.445805,10,166.59
10426,267,2024-01-05 16:13:21.445809,17,32.71
10427,268,2023-04-29 16:13:21.445813,6,149.1
10428,59,2024-05-10 16:13:21.445827,12,170.1
10429,469,2023-01-12 16:13:21.445834,5,131.21
10430,195,2023-04-01 16:13:21.445837,10,42.24
10431,483,2023-04-29 16:13:21.445841,10,178.54
10432,442,2024-12-06 16:13:21.445845,17,95.9
10433,292,2022-08-30 16:13:21.445848,1,13.32
10434,49,2024-05-23 16:13:21.445852,12,192.96
10435,480,2023-08-02 16:13:21.445856,3,55.22
10436,330,2023-07-10 16:13:21.445860,12,149.07
10437,32,2022-08-27 16:13:21.445863,15,33.5
10438,373,2023-11-30 16:13:21.445867,13,64.46
10439,222,2024-10-15 16:13:21.445872,4,41.18
10440,58,2024-07-22 16:13:21.445875,1,121.6
10441,448,2024-03-22 16:13:21.445879,3,197.4
10442,261,2022-03-30 16:13:21.445883,4,20.7
10443,39,2023-02-07 16:13:21.445887,13,127.3
10444,92,2022-09-08 16:13:21.445891,8,75.92
10445,200,2023-09-27 16:13:21.445895,5,180.24
10446,334,2022-04-06 16:13:21.445898,12,88.57
10447,11,2023-03-03 16:13:21.445902,5,90.63
10448,99,2023-09-05 16:13:21.445906,18,104.22
10449,195,2022-06-01 16:13:21.445910,6,23.23
10450,421,2022-12-19 16:13:21.445913,15,70.2
10451,366,2024-05-18 16:13:21.445917,4,171.71
10452,118,2023-09-05 16:13:21.445920,8,32.55
10453,269,2023-12-30 16:13:21.445924,13,75.44
10454,171,2022-08-13 16:13:21.445928,13,93.24
10455,193,2023-12-03 16:13:21.445931,6,143.69
10456,100,2023-01-04 16:13:21.445935,18,141.52
10457,322,2023-04-05 16:13:21.445939,4,135.04
10458,274,2022-05-31 16:13:21.445944,19,198.47
10459,275,2023-12-19 16:13:21.445948,13,79.71
10460,475,2022-03-28 16:13:21.445951,18,135.32
10461,497,2023-03-25 16:13:21.445955,4,116.39
10462,292,2022-08-06 16:13:21.445958,7,178.87
10463,170,2024-06-27 16:13:21.445962,17,128.96
10464,136,2024-08-21 16:13:21.445965,5,161.44
10465,191,2024-05-06 16:13:21.445969,8,108.63
10466,273,2022-09-19 16:13:21.445972,17,23.52
10467,182,2024-12-08 16:13:21.445976,17,67.17
10468,380,2024-05-30 16:13:21.445980,1,152.27
10469,314,2022-05-29 16:13:21.445983,17,169.11
10470,210,2023-02-08 16:13:21.445987,15,174.57
10471,221,2024-10-31 16:13:21.445991,12,176.68
10472,486,2023-03-06 16:13:21.445995,11,157.5
10473,242,2024-02-27 16:13:21.445999,19,125.77
10474,264,2022-03-15 16:13:21.446002,17,153.66
10475,447,2022-05-12 16:13:21.446006,12,19.82
10476,12,2023-02-05 16:13:21.446009,2,29.32
10477,203,2024-09-15 16:13:21.446013,16,184.34
10478,95,2023-05-17 16:13:21.446016,4,23.28
10479,127,2023-06-02 16:13:21.446020,11,155.24
10480,427,2023-06-12 16:13:21.446023,6,107.18
10481,152,2022-04-07 16:13:21.446027,17,128.79
10482,464,2024-08-10 16:13:21.446031,12,44.73
10483,88,2023-12-28 16:13:21.446034,9,81.83
10484,352,2025-01-13 16:13:21.446038,16,63.34
10485,67,2023-09-17 16:13:21.446041,5,196.05
10486,71,2022-12-09 16:13:21.446045,17,83.78
10487,40,2022-07-19 16:13:21.446048,7,84.61
10488,235,2023-07-29 16:13:21.446052,19,109.62
10489,412,2022-11-24 16:13:21.446055,19,49.19
10490,23,2024-05-05 16:13:21.446059,12,122.3
10491,223,2024-02-08 16:13:21.446062,8,104.27
10492,125,2022-08-29 16:13:21.446066,19,21.31
10493,44,2024-05-19 16:13:21.446070,16,69.22
10494,334,2024-12-29 16:13:21.446073,7,170.02
10495,299,2022-10-11 16:13:21.446076,8,87.82
10496,425,2023-05-12 16:13:21.446080,3,141.04
10497,313,2023-03-30 16:13:21.446084,18,122.38
10498,446,2024-06-10 16:13:21.446095,15,36.43
10499,320,2023-04-27 16:13:21.446098,7,25.9
10500,352,2023-04-22 16:13:21.446102,12,151.03
10501,491,2023-07-30 16:13:21.446105,11,23.09
10502,98,2024-01-22 16:13:21.446109,8,134.93
10503,118,2024-11-17 16:13:21.446112,18,139.95
10504,119,2023-03-26 16:13:21.446116,8,27.77
10505,175,2024-01-15 16:13:21.446119,13,95.44
10506,396,2022-10-09 16:13:21.446123,9,76.53
10507,250,2023-10-06 16:13:21.446126,6,126.37
10508,37,2024-02-17 16:13:21.446130,6,121.0
10509,292,2022-08-17 16:13:21.446134,8,148.77
10510,328,2023-10-03 16:13:21.446137,11,22.02
10511,188,2022-07-03 16:13:21.446141,18,88.97
10512,147,2024-10-08 16:13:21.446144,19,16.46
10513,257,2022-05-04 16:13:21.446148,13,31.08
10514,429,2024-02-11 16:13:21.446152,9,144.08
10515,184,2022-11-06 16:13:21.446155,17,94.08
10516,66,2022-10-02 16:13:21.446159,13,62.85
10517,378,2022-04-11 16:13:21.446162,12,158.37
10518,351,2022-05-26 16:13:21.446166,9,12.48
10519,442,2022-11-11 16:13:21.446169,2,47.0
10520,415,2023-05-27 16:13:21.446173,12,155.8
10521,147,2024-05-25 16:13:21.446176,14,113.22
10522,131,2024-10-25 16:13:21.446181,7,126.54
10523,215,2022-12-22 16:13:21.446185,10,40.82
10524,185,2022-11-05 16:13:21.446188,10,38.61
10525,39,2024-06-25 16:13:21.446193,12,126.26
10526,266,2022-11-27 16:13:21.446197,16,38.4
10527,301,2023-04-25 16:13:21.446201,5,44.84
10528,91,2023-02-20 16:13:21.446205,9,16.26
10529,71,2024-08-26 16:13:21.446209,16,128.86
10530,261,2024-06-12 16:13:21.446212,2,86.79
10531,317,2023-02-18 16:13:21.446216,13,89.42
10532,283,2024-06-04 16:13:21.446219,8,152.11
10533,242,2024-06-30 16:13:21.446223,4,77.79
10534,63,2022-05-19 16:13:21.446227,6,85.52
10535,355,2023-06-03 16:13:21.446230,18,154.4
10536,459,2023-07-30 16:13:21.446234,15,29.21
10537,399,2023-08-07 16:13:21.446238,12,80.17
10538,142,2023-10-02 16:13:21.446242,11,151.64
10539,498,2022-04-10 16:13:21.446245,7,134.47
10540,266,2022-04-10 16:13:21.446248,19,132.27
10541,422,2022-10-09 16:13:21.446252,6,112.24
10542,290,2024-03-11 16:13:21.446256,16,196.4
10543,128,2023-10-25 16:13:21.446260,18,188.14
10544,380,2024-11-23 16:13:21.446264,5,96.43
10545,334,2022-12-07 16:13:21.446267,11,82.86
10546,117,2024-06-10 16:13:21.446271,8,22.97
10547,76,2023-11-04 16:13:21.446274,6,154.45
10548,19,2024-04-18 16:13:21.446278,11,119.75
10549,421,2022-11-19 16:13:21.446281,11,138.17
10550,367,2022-12-26 16:13:21.446285,16,65.11
10551,420,2023-05-21 16:13:21.446288,17,83.47
10552,323,2023-05-28 16:13:21.446292,11,84.5
10553,217,2024-09-02 16:13:21.446295,2,96.12
10554,386,2023-09-17 16:13:21.446299,11,28.65
10555,356,2024-04-04 16:13:21.446302,14,189.48
10556,432,2022-05-16 16:13:21.446306,11,112.51
10557,14,2024-04-26 16:13:21.446309,13,139.68
10558,499,2023-07-19 16:13:21.446312,11,22.59
10559,413,2022-09-14 16:13:21.446316,13,89.04
10560,321,2022-04-30 16:13:21.446320,10,128.74
10561,231,2024-11-18 16:13:21.446324,8,177.94
10562,220,2022-05-09 16:13:21.446327,15,134.75
10563,168,2023-11-25 16:13:21.446331,12,119.1
10564,76,2022-08-23 16:13:21.446334,6,87.5
10565,6,2023-01-22 16:13:21.446338,17,198.68
10566,312,2023-03-22 16:13:21.446341,10,64.48
10567,492,2022-12-13 16:13:21.446345,13,173.02
10568,16,2023-07-20 16:13:21.446349,15,34.66
10569,113,2022-11-18 16:13:21.446352,13,165.01
10570,328,2023-11-04 16:13:21.446356,11,119.22
10571,131,2024-11-09 16:13:21.446359,2,105.9
10572,490,2023-04-02 16:13:21.446363,1,88.35
10573,53,2023-10-14 16:13:21.446366,16,99.37
10574,194,2024-11-21 16:13:21.446370,8,40.04
10575,404,2023-03-04 16:13:21.446373,18,80.2
10576,452,2022-03-11 16:13:21.446377,4,35.05
10577,394,2023-07-28 16:13:21.446380,12,28.57
10578,420,2024-10-23 16:13:21.446384,4,56.45
10579,154,2022-12-11 16:13:21.446387,6,54.59
10580,284,2022-12-21 16:13:21.446391,15,29.68
10581,449,2022-11-28 16:13:21.446394,4,183.9
10582,168,2022-10-19 16:13:21.446397,4,143.22
10583,152,2024-10-23 16:13:21.446401,6,161.65
10584,92,2022-01-21 16:13:21.446405,4,38.21
10585,8,2024-12-10 16:13:21.446408,9,33.54
10586,259,2024-11-24 16:13:21.446412,3,81.17
10587,6,2022-08-12 16:13:21.446416,5,147.69
10588,237,2025-01-15 16:13:21.446419,11,135.45
10589,83,2024-11-11 16:13:21.446423,15,52.32
10590,161,2024-06-22 16:13:21.446426,6,182.93
10591,96,2023-12-28 16:13:21.446430,10,192.15
10592,177,2023-11-27 16:13:21.446433,11,46.52
10593,238,2022-05-19 16:13:21.446437,8,113.26
10594,182,2022-11-18 16:13:21.446442,9,182.62
10595,191,2022-03-26 16:13:21.446445,18,171.9
10596,453,2022-10-23 16:13:21.446449,17,130.77
10597,423,2022-05-25 16:13:21.446452,4,126.03
10598,402,2022-07-25 16:13:21.446456,14,170.87
10599,363,2022-12-02 16:13:21.446459,5,30.96
10600,33,2024-06-18 16:13:21.446463,9,111.59
10601,294,2023-03-12 16:13:21.446467,16,88.0
10602,185,2024-12-07 16:13:21.446470,19,98.31
10603,340,2022-01-20 16:13:21.446473,1,188.36
10604,434,2022-09-24 16:13:21.446477,15,138.26
10605,178,2023-02-03 16:13:21.446480,18,164.61
10606,219,2023-08-11 16:13:21.446484,5,30.6
10607,314,2023-03-31 16:13:21.446488,9,183.8
10608,72,2022-03-06 16:13:21.446492,11,82.02
10609,245,2022-10-07 16:13:21.446496,11,144.55
10610,351,2024-05-08 16:13:21.446499,9,137.39
10611,210,2024-10-30 16:13:21.446503,10,138.65
10612,217,2024-06-05 16:13:21.446506,12,20.96
10613,440,2024-10-18 16:13:21.446510,9,166.44
10614,435,2024-07-07 16:13:21.446513,15,122.53
10615,159,2022-05-16 16:13:21.446517,4,196.37
10616,251,2024-09-16 16:13:21.446520,12,61.84
10617,74,2024-02-10 16:13:21.446525,7,104.03
10618,53,2023-10-15 16:13:21.446528,13,163.4
10619,97,2022-04-12 16:13:21.446532,13,88.97
10620,224,2023-03-05 16:13:21.446535,9,111.35
10621,178,2024-11-04 16:13:21.446539,7,19.0
10622,412,2022-12-16 16:13:21.446542,1,47.31
10623,353,2023-05-24 16:13:21.446546,2,189.2
10624,109,2022-12-20 16:13:21.446549,3,73.52
10625,139,2024-09-04 16:13:21.446553,17,185.08
10626,480,2022-04-22 16:13:21.446556,10,111.64
10627,120,2024-05-30 16:13:21.446560,8,174.64
10628,307,2024-06-08 16:13:21.446564,10,173.19
10629,454,2023-05-23 16:13:21.446567,12,172.03
10630,224,2023-11-01 16:13:21.446571,11,49.32
10631,450,2022-05-28 16:13:21.446574,10,30.41
10632,216,2024-08-31 16:13:21.446578,16,88.92
10633,406,2022-11-15 16:13:21.446587,10,130.54
10634,113,2022-06-06 16:13:21.446591,16,87.51
10635,436,2024-08-08 16:13:21.446594,10,175.95
10636,480,2023-05-22 16:13:21.446598,16,178.5
10637,36,2023-12-16 16:13:21.446601,3,109.03
10638,480,2022-10-16 16:13:21.446605,9,97.12
10639,427,2024-08-26 16:13:21.446608,5,69.65
10640,90,2022-03-31 16:13:21.446611,16,22.76
10641,17,2024-10-11 16:13:21.446615,7,88.67
10642,342,2023-11-26 16:13:21.446619,12,180.24
10643,42,2024-03-28 16:13:21.446622,18,186.4
10644,477,2023-05-17 16:13:21.446625,7,167.11
10645,80,2024-06-30 16:13:21.446629,11,37.24
10646,246,2022-07-31 16:13:21.446633,17,64.49
10647,269,2023-11-27 16:13:21.446636,7,20.46
10648,71,2022-01-24 16:13:21.446641,12,27.9
10649,121,2022-03-08 16:13:21.446644,2,17.15
10650,370,2023-03-25 16:13:21.446648,11,69.66
10651,246,2022-04-04 16:13:21.446652,4,59.25
10652,289,2024-12-22 16:13:21.446655,16,89.08
10653,345,2024-07-31 16:13:21.446659,9,19.3
10654,174,2024-01-18 16:13:21.446663,2,64.25
10655,42,2023-08-05 16:13:21.446666,15,91.42
10656,78,2024-08-23 16:13:21.446669,13,123.22
10657,121,2022-10-10 16:13:21.446673,4,119.18
10658,380,2023-05-14 16:13:21.446677,15,67.59
10659,79,2023-11-15 16:13:21.446680,13,196.9
10660,28,2023-04-11 16:13:21.446683,7,184.05
10661,76,2024-05-22 16:13:21.446687,6,180.69
10662,422,2023-08-05 16:13:21.446691,15,113.84
10663,482,2022-05-06 16:13:21.446695,14,52.4
10664,42,2023-06-25 16:13:21.446699,14,42.61
10665,246,2024-02-13 16:13:21.446703,17,133.08
10666,400,2023-08-09 16:13:21.446707,8,95.11
10667,95,2023-08-23 16:13:21.446710,18,25.25
10668,424,2023-08-03 16:13:21.446713,13,52.2
10669,356,2022-05-22 16:13:21.446717,2,199.27
10670,436,2022-01-20 16:13:21.446721,13,39.28
10671,404,2024-12-06 16:13:21.446725,17,127.62
10672,457,2024-07-01 16:13:21.446728,17,104.59
10673,470,2022-10-25 16:13:21.446732,6,179.14
10674,29,2023-02-03 16:13:21.446737,14,82.03
10675,91,2024-05-25 16:13:21.446741,10,129.82
10676,408,2024-11-25 16:13:21.446744,10,184.59
10677,316,2023-12-08 16:13:21.446748,15,143.54
10678,374,2023-03-09 16:13:21.446751,2,13.67
10679,25,2024-05-04 16:13:21.446755,3,67.7
10680,189,2024-09-15 16:13:21.446758,12,152.93
10681,152,2022-04-17 16:13:21.446762,10,29.63
10682,103,2023-12-19 16:13:21.446765,6,75.64
10683,132,2023-12-08 16:13:21.446769,2,99.43
10684,34,2022-10-04 16:13:21.446773,11,45.2
10685,207,2024-02-25 16:13:21.446776,13,165.04
10686,292,2024-11-05 16:13:21.446780,18,193.14
10687,448,2025-01-04 16:13:21.446783,6,193.75
10688,308,2022-04-18 16:13:21.446787,14,22.29
10689,499,2022-09-07 16:13:21.446790,1,156.11
10690,59,2023-11-05 16:13:21.446794,10,70.9
10691,197,2022-04-29 16:13:21.446798,2,193.07
10692,463,2024-03-29 16:13:21.446802,18,167.99
10693,47,2022-02-07 16:13:21.446805,11,16.56
10694,388,2023-01-03 16:13:21.446809,1,35.79
10695,411,2022-09-01 16:13:21.446812,17,115.8
10696,264,2023-10-14 16:13:21.446827,3,108.12
10697,321,2024-02-14 16:13:21.446831,14,156.1
10698,363,2022-06-16 16:13:21.446834,16,183.71
10699,185,2022-09-02 16:13:21.446838,17,194.07
10700,179,2023-04-01 16:13:21.446841,8,120.2
10701,15,2024-05-13 16:13:21.446845,14,12.37
10702,134,2024-06-24 16:13:21.446848,13,190.96
10703,121,2022-10-13 16:13:21.446852,10,24.77
10704,411,2024-10-09 16:13:21.446856,18,74.07
10705,318,2023-08-21 16:13:21.446860,11,59.49
10706,1,2024-01-14 16:13:21.446863,14,83.56
10707,14,2024-10-19 16:13:21.446867,17,180.55
10708,287,2024-07-21 16:13:21.446870,7,30.93
10709,271,2023-04-08 16:13:21.446874,15,24.42
10710,87,2024-10-13 16:13:21.446877,2,153.98
10711,157,2022-02-06 16:13:21.446881,17,137.53
10712,112,2023-08-03 16:13:21.446885,10,45.82
10713,394,2023-11-19 16:13:21.446888,2,90.31
10714,309,2024-03-16 16:13:21.446892,9,98.58
10715,475,2022-09-16 16:13:21.446896,7,194.71
10716,436,2024-07-21 16:13:21.446899,7,13.99
10717,303,2024-10-26 16:13:21.446902,9,145.86
10718,454,2023-01-17 16:13:21.446907,2,72.44
10719,266,2024-04-15 16:13:21.446910,15,97.83
10720,426,2024-10-25 16:13:21.446914,5,87.76
10721,196,2023-05-15 16:13:21.446917,14,66.17
10722,101,2023-10-12 16:13:21.446922,12,29.78
10723,449,2022-10-09 16:13:21.446926,12,169.02
10724,438,2022-06-18 16:13:21.446930,16,170.39
10725,32,2023-12-16 16:13:21.446933,16,98.44
10726,210,2023-04-19 16:13:21.446937,14,156.22
10727,463,2022-04-02 16:13:21.446941,14,53.14
10728,341,2024-10-20 16:13:21.446945,13,173.76
10729,350,2024-12-28 16:13:21.446949,9,195.23
10730,166,2023-09-03 16:13:21.446952,6,182.31
10731,426,2023-09-03 16:13:21.446956,9,80.75
10732,399,2022-10-04 16:13:21.446959,8,198.34
10733,485,2022-12-16 16:13:21.446963,7,18.33
10734,444,2024-05-12 16:13:21.446967,2,19.46
10735,53,2023-10-21 16:13:21.446970,5,101.33
10736,164,2024-07-14 16:13:21.446974,15,118.69
10737,434,2023-08-14 16:13:21.446977,17,103.93
10738,309,2024-10-19 16:13:21.446981,15,77.94
10739,361,2022-11-26 16:13:21.446984,5,172.22
10740,206,2024-03-13 16:13:21.446988,5,163.73
10741,271,2023-08-23 16:13:21.446991,3,76.17
10742,84,2024-08-07 16:13:21.446995,6,59.28
10743,99,2023-07-01 16:13:21.446999,12,193.34
10744,294,2022-04-18 16:13:21.447002,1,153.27
10745,399,2023-10-08 16:13:21.447005,19,80.31
10746,240,2022-05-06 16:13:21.447009,2,167.36
10747,104,2024-05-14 16:13:21.447013,12,39.63
10748,265,2024-01-02 16:13:21.447016,9,146.01
10749,40,2022-10-09 16:13:21.447020,15,187.02
10750,386,2022-08-28 16:13:21.447023,15,130.42
10751,92,2024-06-17 16:13:21.447027,1,24.16
10752,100,2024-11-11 16:13:21.447031,2,77.07
10753,16,2022-12-29 16:13:21.447034,7,136.46
10754,427,2022-12-23 16:13:21.447038,17,191.42
10755,188,2023-07-12 16:13:21.447041,19,99.04
10756,87,2024-04-21 16:13:21.447045,16,189.31
10757,58,2024-02-27 16:13:21.447048,18,164.0
10758,33,2022-12-17 16:13:21.447059,1,104.93
10759,325,2023-06-19 16:13:21.447063,14,45.16
10760,157,2023-06-22 16:13:21.447069,19,16.33
10761,20,2022-08-09 16:13:21.447076,7,50.86
10762,344,2024-08-29 16:13:21.447080,3,80.28
10763,184,2022-09-03 16:13:21.447084,16,116.61
10764,171,2022-08-01 16:13:21.447092,18,32.38
10765,407,2023-12-31 16:13:21.447097,10,194.64
10766,356,2024-02-11 16:13:21.447100,3,91.21
10767,29,2023-10-25 16:13:21.447104,8,10.68
10768,409,2024-05-31 16:13:21.447108,9,160.18
10769,14,2023-09-22 16:13:21.447111,19,108.17
10770,156,2024-04-24 16:13:21.447115,13,159.47
10771,390,2022-12-05 16:13:21.447118,17,40.43
10772,442,2024-10-25 16:13:21.447122,9,95.75
10773,65,2024-10-17 16:13:21.447126,19,75.18
10774,107,2024-01-25 16:13:21.447129,7,161.49
10775,426,2023-05-11 16:13:21.447133,4,94.86
10776,303,2024-04-25 16:13:21.447137,19,108.39
10777,286,2022-03-31 16:13:21.447140,10,188.83
10778,227,2023-04-30 16:13:21.447144,4,69.69
10779,467,2023-02-10 16:13:21.447147,2,173.61
10780,457,2023-10-24 16:13:21.447151,2,97.06
10781,470,2022-11-19 16:13:21.447155,14,39.75
10782,286,2023-07-25 16:13:21.447159,19,23.81
10783,238,2024-04-29 16:13:21.447163,14,117.63
10784,90,2022-06-27 16:13:21.447167,8,24.05
10785,3,2024-10-02 16:13:21.447171,4,166.49
10786,150,2022-09-03 16:13:21.447174,14,116.13
10787,221,2023-10-21 16:13:21.447178,1,139.07
10788,500,2024-04-29 16:13:21.447181,10,186.87
10789,331,2023-07-06 16:13:21.447185,12,137.59
10790,56,2023-08-11 16:13:21.447188,1,147.47
10791,373,2024-07-17 16:13:21.447192,15,192.45
10792,449,2022-07-29 16:13:21.447195,9,148.38
10793,333,2023-06-19 16:13:21.447199,17,192.39
10794,104,2025-01-06 16:13:21.447203,11,140.0
10795,480,2025-01-06 16:13:21.447207,1,170.73
10796,205,2022-10-08 16:13:21.447210,5,163.09
10797,53,2024-07-20 16:13:21.447214,5,134.94
10798,257,2022-09-07 16:13:21.447217,13,163.79
10799,120,2024-05-10 16:13:21.447221,12,131.44
10800,218,2023-10-05 16:13:21.447225,11,100.95
10801,276,2024-01-25 16:13:21.447228,11,143.04
10802,312,2022-11-14 16:13:21.447232,2,18.81
10803,394,2024-02-16 16:13:21.447236,12,84.86
10804,343,2022-03-23 16:13:21.447239,12,18.6
10805,257,2022-03-17 16:13:21.447243,18,151.43
10806,282,2022-07-01 16:13:21.447247,11,96.59
10807,195,2024-01-06 16:13:21.447250,19,143.74
10808,210,2023-05-02 16:13:21.447254,17,42.06
10809,231,2023-07-23 16:13:21.447258,15,26.53
10810,497,2023-05-23 16:13:21.447261,16,21.98
10811,49,2022-06-06 16:13:21.447265,2,78.11
10812,383,2022-07-05 16:13:21.447268,4,119.56
10813,483,2023-05-06 16:13:21.447272,12,35.7
10814,412,2023-03-10 16:13:21.447275,10,97.66
10815,342,2023-11-04 16:13:21.447279,13,158.87
10816,400,2023-03-06 16:13:21.447282,18,170.9
10817,456,2022-08-28 16:13:21.447286,10,178.55
10818,4,2024-06-19 16:13:21.447290,11,181.19
10819,243,2023-11-11 16:13:21.447294,19,159.24
10820,120,2025-01-08 16:13:21.447297,11,192.9
10821,433,2023-04-20 16:13:21.447301,1,13.37
10822,63,2024-01-08 16:13:21.447304,5,56.31
10823,258,2023-09-20 16:13:21.447308,10,98.96
10824,285,2023-01-23 16:13:21.447311,10,80.26
10825,188,2023-08-12 16:13:21.447315,4,123.32
10826,193,2023-07-02 16:13:21.447319,7,91.5
10827,139,2023-02-07 16:13:21.447322,16,152.77
10828,293,2023-08-28 16:13:21.447326,15,195.67
10829,89,2024-04-05 16:13:21.447341,9,51.59
10830,183,2024-05-01 16:13:21.447345,13,113.25
10831,411,2024-06-10 16:13:21.447349,16,86.36
10832,386,2024-12-26 16:13:21.447352,12,153.39
10833,424,2022-08-06 16:13:21.447355,5,158.72
10834,401,2022-04-06 16:13:21.447359,17,24.25
10835,103,2022-02-23 16:13:21.447363,8,186.71
10836,315,2024-09-07 16:13:21.447366,5,49.85
10837,446,2022-08-02 16:13:21.447370,15,49.16
10838,87,2024-04-25 16:13:21.447374,16,168.39
10839,469,2023-06-23 16:13:21.447377,17,118.87
10840,99,2024-04-12 16:13:21.447381,3,179.91
10841,435,2022-04-15 16:13:21.447385,5,113.15
10842,222,2022-08-27 16:13:21.447388,15,148.35
10843,23,2024-05-19 16:13:21.447392,1,84.52
10844,406,2024-12-14 16:13:21.447395,8,199.54
10845,363,2022-03-14 16:13:21.447399,10,77.51
10846,201,2022-07-24 16:13:21.447402,6,169.72
10847,107,2022-06-02 16:13:21.447406,9,78.25
10848,91,2022-02-19 16:13:21.447409,8,178.8
10849,131,2024-04-15 16:13:21.447413,14,48.06
10850,56,2022-05-12 16:13:21.447417,9,151.66
10851,484,2023-11-08 16:13:21.447421,2,143.84
10852,3,2022-12-18 16:13:21.447425,8,111.04
10853,122,2022-12-20 16:13:21.447429,12,10.04
10854,98,2024-08-01 16:13:21.447433,5,182.21
10855,137,2022-03-18 16:13:21.447436,15,58.45
10856,250,2024-08-28 16:13:21.447440,2,64.97
10857,288,2024-04-06 16:13:21.447443,14,169.91
10858,406,2023-07-11 16:13:21.447447,19,187.31
10859,435,2022-02-16 16:13:21.447450,7,187.16
10860,463,2024-09-15 16:13:21.447454,15,116.32
10861,127,2024-06-29 16:13:21.447457,13,181.7
10862,115,2024-01-23 16:13:21.447461,4,31.05
10863,390,2022-12-17 16:13:21.447465,1,29.92
10864,51,2022-12-16 16:13:21.447468,7,37.56
10865,261,2022-05-19 16:13:21.447472,13,146.74
10866,413,2023-07-18 16:13:21.447476,12,68.69
10867,462,2022-01-17 16:13:21.447488,11,156.82
10868,135,2023-06-25 16:13:21.447492,11,186.54
10869,384,2024-08-17 16:13:21.447496,13,17.17
10870,8,2024-01-01 16:13:21.447499,11,77.89
10871,145,2024-09-12 16:13:21.447503,18,135.78
10872,321,2023-05-25 16:13:21.447507,12,88.05
10873,313,2022-12-05 16:13:21.447510,9,196.96
10874,178,2023-08-24 16:13:21.447514,13,113.83
10875,195,2022-04-12 16:13:21.447517,5,20.44
10876,119,2022-12-26 16:13:21.447521,1,164.79
10877,87,2022-08-26 16:13:21.447524,16,36.51
10878,304,2022-08-13 16:13:21.447528,5,52.72
10879,152,2023-08-03 16:13:21.447531,10,45.65
10880,224,2023-12-19 16:13:21.447535,15,147.4
10881,336,2024-07-20 16:13:21.447538,14,36.8
10882,347,2023-03-31 16:13:21.447542,9,71.92
10883,141,2024-04-16 16:13:21.447545,11,76.37
10884,139,2022-12-27 16:13:21.447549,15,100.74
10885,43,2023-09-16 16:13:21.447553,10,17.94
10886,334,2022-07-06 16:13:21.447557,19,80.66
10887,134,2024-06-02 16:13:21.447561,3,147.07
10888,152,2023-08-21 16:13:21.447564,12,146.76
10889,413,2022-03-15 16:13:21.447567,8,129.72
10890,471,2023-05-21 16:13:21.447571,12,64.27
10891,235,2023-03-29 16:13:21.447574,19,52.01
10892,89,2024-11-28 16:13:21.447578,19,126.55
10893,491,2024-09-24 16:13:21.447582,16,197.48
10894,274,2022-07-20 16:13:21.447585,9,191.89
10895,332,2024-12-11 16:13:21.447589,18,189.43
10896,44,2022-11-18 16:13:21.447592,4,102.61
10897,462,2022-06-17 16:13:21.447596,3,63.88
10898,283,2022-10-12 16:13:21.447599,5,92.93
10899,280,2022-02-13 16:13:21.447603,1,135.78
10900,322,2024-08-06 16:13:21.447607,9,39.77
10901,452,2023-10-01 16:13:21.447610,19,169.2
10902,492,2024-03-31 16:13:21.447614,14,118.01
10903,478,2024-04-30 16:13:21.447617,12,152.88
10904,44,2024-10-13 16:13:21.447621,17,55.09
10905,25,2024-09-13 16:13:21.447624,12,118.07
10906,277,2023-12-17 16:13:21.447628,4,191.14
10907,481,2022-05-08 16:13:21.447631,8,152.02
10908,143,2024-11-02 16:13:21.447634,16,185.63
10909,464,2022-04-12 16:13:21.447638,18,58.31
10910,23,2024-03-01 16:13:21.447642,6,180.6
10911,347,2023-05-17 16:13:21.447645,3,107.82
10912,117,2024-02-14 16:13:21.447649,5,54.84
10913,148,2022-10-01 16:13:21.447653,10,51.93
10914,32,2022-12-05 16:13:21.447656,3,184.2
10915,223,2022-03-13 16:13:21.447660,4,110.73
10916,437,2024-03-25 16:13:21.447663,12,175.48
10917,389,2024-06-24 16:13:21.447667,6,129.73
10918,63,2022-08-28 16:13:21.447671,15,60.2
10919,220,2023-06-02 16:13:21.447675,19,192.71
10920,338,2023-04-09 16:13:21.447679,15,195.2
10921,115,2024-08-14 16:13:21.447682,8,108.63
10922,11,2023-09-03 16:13:21.447686,16,182.25
10923,306,2025-01-14 16:13:21.447689,14,20.24
10924,486,2023-05-20 16:13:21.447694,14,65.12
10925,410,2024-03-21 16:13:21.447698,9,114.82
10926,149,2022-03-14 16:13:21.447701,15,35.35
10927,411,2023-07-09 16:13:21.447705,15,68.37
10928,436,2022-05-20 16:13:21.447709,14,79.88
10929,427,2023-09-12 16:13:21.447713,13,149.44
10930,443,2022-04-10 16:13:21.447716,12,154.77
10931,365,2023-07-22 16:13:21.447720,8,44.38
10932,464,2024-02-08 16:13:21.447723,11,40.44
10933,385,2023-03-25 16:13:21.447727,14,117.01
10934,477,2024-06-13 16:13:21.447730,14,32.97
10935,245,2022-08-15 16:13:21.447734,11,131.39
10936,235,2022-02-03 16:13:21.447737,17,132.54
10937,211,2024-07-31 16:13:21.447746,9,38.98
10938,48,2022-09-30 16:13:21.447750,13,145.62
10939,97,2022-02-23 16:13:21.447754,7,125.43
10940,444,2023-11-06 16:13:21.447758,13,21.68
10941,56,2022-08-11 16:13:21.447761,10,56.08
10942,14,2022-10-21 16:13:21.447765,10,158.17
10943,101,2022-08-11 16:13:21.447768,11,27.08
10944,484,2023-03-14 16:13:21.447772,4,147.42
10945,468,2024-11-14 16:13:21.447776,19,161.97
10946,476,2023-11-19 16:13:21.447779,12,31.27
10947,348,2022-12-24 16:13:21.447783,11,173.37
10948,174,2024-12-07 16:13:21.447787,4,32.53
10949,83,2024-01-24 16:13:21.447791,17,11.18
10950,182,2022-05-11 16:13:21.447794,10,129.61
10951,352,2023-07-19 16:13:21.447798,7,113.03
10952,285,2022-07-09 16:13:21.447802,14,87.55
10953,497,2024-03-28 16:13:21.447806,3,145.12
10954,211,2023-01-26 16:13:21.447810,4,153.18
10955,260,2022-02-06 16:13:21.447814,5,112.61
10956,332,2024-11-29 16:13:21.447857,9,63.16
10957,13,2023-09-12 16:13:21.447861,7,50.09
10958,73,2024-11-10 16:13:21.447864,2,47.37
10959,118,2023-12-29 16:13:21.447868,9,183.11
10960,165,2022-03-11 16:13:21.447871,1,32.06
10961,214,2024-09-21 16:13:21.447875,10,38.75
10962,302,2023-04-27 16:13:21.447878,12,21.93
10963,146,2022-01-20 16:13:21.447882,9,75.78
10964,31,2022-03-16 16:13:21.447885,13,109.61
10965,448,2023-05-22 16:13:21.447889,13,134.65
10966,78,2023-02-20 16:13:21.447893,8,42.65
10967,325,2023-06-28 16:13:21.447896,2,109.26
10968,375,2024-04-26 16:13:21.447900,4,120.82
10969,124,2023-11-28 16:13:21.447904,1,109.04
10970,272,2023-08-09 16:13:21.447907,15,13.29
10971,190,2024-06-23 16:13:21.447911,3,187.33
10972,362,2022-12-21 16:13:21.447915,5,188.54
10973,395,2022-04-06 16:13:21.447919,7,148.91
10974,150,2022-03-16 16:13:21.447922,9,199.24
10975,2,2023-07-04 16:13:21.447927,17,67.53
10976,478,2024-05-27 16:13:21.447930,12,136.01
10977,354,2023-12-17 16:13:21.447934,1,115.35
10978,270,2023-03-07 16:13:21.447937,18,40.64
10979,294,2023-05-22 16:13:21.447941,5,135.3
10980,202,2022-07-15 16:13:21.447944,17,149.11
10981,286,2024-08-12 16:13:21.447948,7,187.27
10982,102,2023-02-17 16:13:21.447952,11,29.23
10983,231,2023-06-27 16:13:21.447956,7,31.79
10984,332,2024-06-23 16:13:21.447960,4,132.58
10985,131,2023-06-08 16:13:21.447963,18,15.02
10986,368,2024-12-20 16:13:21.447967,16,130.19
10987,107,2022-07-25 16:13:21.447970,4,31.26
10988,463,2024-09-28 16:13:21.447974,18,75.23
10989,114,2024-02-20 16:13:21.447977,13,145.84
10990,440,2022-08-26 16:13:21.447986,10,140.74
10991,449,2023-07-04 16:13:21.447990,8,82.09
10992,406,2024-03-09 16:13:21.447994,14,111.37
10993,110,2023-04-29 16:13:21.447997,10,189.37
10994,428,2024-03-19 16:13:21.448001,2,154.84
10995,331,2023-02-14 16:13:21.448005,9,30.58
10996,177,2024-09-14 16:13:21.448008,7,56.1
10997,194,2022-06-06 16:13:21.448012,17,95.84
10998,119,2023-07-23 16:13:21.448015,3,74.75
10999,254,2023-06-18 16:13:21.448019,12,190.16
11000,231,2023-10-01 16:13:21.448022,2,80.89
